data.id,data.name,data.symbol,data.slug,data.circulating_supply,data.quote.USD.price,data.quote.USD.market_cap
1,Bitcoin,BTC,bitcoin,19996478,"66982,40076",1339412103282
1027,Ethereum,ETH,ethereum,"120692230,1","2008,193425",242373342995
825,Tether USDt,USDT,tether,183633868265,"1,000016928",183636976872
1839,BNB,BNB,bnb,"136358726,8","627,5437673",85571069089
52,XRP,XRP,xrp,61090376977,"1,386115752",84678333806
3408,USDC,USDC,usd-coin,75199237244,"0,9999244027",75193552383
5426,Solana,SOL,solana,"569647768,8","86,00412335",48992056976
1958,TRON,TRX,tron,94740957774,"0,2819498536",26712199178
74,Dogecoin,DOGE,dogecoin,168941443127,"0,09436596996",15942323147
2010,Cardano,ADA,cardano,36078864112,"0,2806313312",10124859665
1831,Bitcoin Cash,BCH,bitcoin-cash,"20001412,5","449,8541253",8997717926
3957,UNUS SED LEO,LEO,unus-sed-leo,"921252076,9","8,994643873",8286334349
32196,Hyperliquid,HYPE,hyperliquid,"258198526,2","30,94113307",7988954958
328,Monero,XMR,monero,"18446744,07","345,8545665",6379890676
1975,Chainlink,LINK,chainlink,"708099970,5","8,990156538",6365929579
37263,Canton,CC,canton-network,37920850024,"0,1660467146",6296632563
29470,Ethena USDe,USDe,ethena-usde,6032324917,"0,9994225255",6028841403
4943,Dai,DAI,multi-collateral-dai,5365382703,"0,9999930512",5365345420
512,Stellar,XLM,stellar,32955618948,"0,1588662291",5235534911
36148,World Liberty Financial USD,USD1,usd1,4705672064,"0,9994912205",4703277914
4642,Hedera,HBAR,hedera,43003421564,"0,09957350835",4282001556
27772,PayPal USD,PYUSD,paypal-usd,4203341569,"0,999785677",4202440696
2,Litecoin,LTC,litecoin,"76902826,98","54,35628385",4180151892
5805,Avalanche,AVAX,avalanche,"431771961,2","9,174027894",3961088016
1437,Zcash,ZEC,zcash,"16558368,92","223,1347441",3694747411
20947,Sui,SUI,sui,3899984688,"0,9140154416",3564646227
5994,Shiba Inu,SHIB,shiba-inu,589243742922027,"0,000005686608853",3350798685
3635,Cronos,CRO,cronos,41068589204,"0,0761599786",3127782875
33251,World Liberty Financial,WLFI,world-liberty-financial-wlfi,27661096825,"0,1106554118",3060850061
11419,Toncoin,TON,toncoin,2452526288,"1,235144509",3029224377
5176,Tether Gold,XAUt,tether-gold,"549548,6417","5339,139684",2934116961
6636,Polkadot,DOT,polkadot-new,1670246386,"1,553511213",2594746490
4705,PAX Gold,PAXG,pax-gold,"473805,587","5406,368942",2561567810
7083,Uniswap,UNI,uniswap,"633875562,7","3,798714805",2407912485
27075,Mantle,MNT,mantle,3252944056,"0,6413190194",2086174892
22974,Bittensor,TAO,bittensor,"10719196,3","181,3541738",1943970990
35491,MemeCore,M,memecore,1273861736,"1,489738482",1897720848
33793,Global Dollar,USDG,global-dollar-usdg,1767447250,"0,9999408512",1767342707
7278,Aave,AAVE,aave,"15330431,47","115,2264078",1766470547
36341,Aster,ASTER,aster,2476232867,"0,7118958235",1762819836
3897,OKB,OKB,okb,21000000,"76,70112577",1610723641
35697,Pi,PI,pi,9412361248,"0,1700316828",1600399622
33038,Sky,SKY,sky,23015087208,"0,06818414149",1569263963
11092,Bitget Token,BGB,bitget-token-new,"699669475,9","2,153594563",1506804379
6535,NEAR Protocol,NEAR,near-protocol,1289043285,"1,164806801",1501486385
34387,Ripple USD,RLUSD,ripple-usd,1495023851,"1,000036724",1495078755
24478,Pepe,PEPE,pepe,413772501517366,"0,000003550448753",1469078062
1321,Ethereum Classic,ETC,ethereum-classic,"155725294,9","8,66666413",1349618828
8916,Internet Computer,ICP,internet-computer,"549325192,9","2,445077364",1343142595
21159,Ondo,ONDO,ondo-finance,4869330647,"0,2604665399",1268297705
28321,Polygon (prev. MATIC),POL,polygon-ecosystem-token,10600201630,"0,107250253",1136874307
13502,Worldcoin,WLD,worldcoin-org,2877366572,"0,3920225054",1127992453
19891,USDD,USDD,usdd,1089561762,"0,9999406176",1089497061
2087,KuCoin Token,KCS,kucoin-token,"132155021,7","7,73245304",1021882500
39064,Midnight,NIGHT,midnight-network,16607399401,"0,05840262373","969915698,4"
3794,Cosmos,ATOM,cosmos,495518300,"1,823027648","903343561,2"
30171,Ethena,ENA,ethena,8225000000,"0,1056977907","869364328,3"
20396,Kaspa,KAS,kaspa,27245024983,"0,02986509236","813675187,6"
35336,OFFICIAL TRUMP,TRUMP,official-trump,"232497981,9","3,494839236","812543069,3"
7950,Flare,FLR,flare,84988003676,"0,00946731416","804608130,6"
4269,GateToken,GT,gatetoken,115180573,"6,979123591","803859454,6"
4030,Algorand,ALGO,algorand,8885838539,"0,08747259695",777267373
3155,Quant,QNT,quant,12072738,"63,20064389","763004815,1"
2280,Filecoin,FIL,filecoin,756219534,"0,985128845","744973676,1"
21794,Aptos,APT,aptos,"780301303,1","0,9440738587","736662062,2"
5690,Render,RENDER,render,518743261,"1,379331388","715518862,2"
36507,Pump.fun,PUMP,pump-fun,354000000000,"0,00194588898","688844698,8"
34104,Morpho,MORPHO,morpho,390565956,"1,729706735","675564564,6"
39120,United Stables,U,united-stables,664899988,"0,9999396509","664859861,9"
2634,XDC Network,XDC,xdc-network,19934989757,"0,03256882748","649259242,3"
3077,VeChain,VET,vechain,85985041177,"0,007248341243","623248920,2"
11841,Arbitrum,ARB,arbitrum,5939074958,"0,1022003811",606975724
35053,pippin,PIPPIN,pippin,999996253,"0,5995054013",599503155
29210,Jupiter,JUP,jupiter-ag,3497363517,"0,1690056956",591074354
38892,Stable,STABLE,stable,17600000000,"0,03298806795",580589996
2694,Nexo,NEXO,nexo,"646145839,6","0,8548185926","552337477,2"
26997,LayerZero,ZRO,layerzero,"302665260,1","1,823544885","551923687,1"
1168,Decred,DCR,decred,"17299848,56","31,01374921","536533164,6"
23095,Bonk,BONK,bonk1,87995150561670,"0,000005977796356","526017090,4"
2563,TrueUSD,TUSD,trueusd,494515083,"0,9989632466","494002392,8"
38828,Kite,KITE,kite,1800000000,"0,2737205593","492697006,7"
4847,Stacks,STX,stacks,1814605788,"0,2591196326","470199985,2"
23149,Sei,SEI,sei,6733333333,"0,06927895622","466478305,2"
29420,Virtuals Protocol,VIRTUAL,virtual-protocol,"656301970,3","0,7043295762","462252888,6"
20641,EURC,EURC,euro-coin,"390277755,4","1,180662899","460786466,3"
7186,PancakeSwap,CAKE,pancakeswap,"330806341,3","1,322015339","437331057,5"
34466,Pudgy Penguins,PENGU,pudgy-penguins,62860396090,"0,006900881942","433792172,2"
5488,JUST,JST,just,8815108090,"0,04752680591","418953931,3"
131,Dash,DASH,dash,"12609820,76","33,10524561","417451213,3"
2011,Tezos,XTZ,tezos,1076979052,"0,3818261169","411218729,4"
26081,First Digital USD,FDUSD,first-digital-usd,380413815,"1,00042757","380576468,6"
29814,ether.fi,ETHFI,ether-fi-ethfi,744064067,"0,5045085132","375386656,2"
6538,Curve DAO Token,CRV,curve-dao-token,1469205503,"0,2474230665",363515331
3773,Artificial Superintelligence Alliance,FET,artificial-superintelligence-alliance,2260959691,"0,1558003176","352258237,9"
4066,Chiliz,CHZ,chiliz,10304071466,"0,03395717905","349897199,7"
39125,Lighter,LIT,lighter,250000000,"1,395869945","348967486,3"
32880,Kaia,KAIA,kaia,6256319891,"0,05544868529","346904712,7"
1659,Gnosis,GNO,gnosis-gno,"2639298,415","129,3707433","341447997,8"
16086,BitTorrent [New],BTT,bittorrent-new,987037885840675,"0,0000003406606632","336244980,8"
9816,AINFT,NFT,apenft,990105592982875,"0,0000003343058525","330998094,3"